Suite/Test/Step Name,Browser,Description,Start time,End time,Duration,Status
OCsS-1.10.2,Chrome 75.0.3770.90,,2019-06-18 10:26:23,2019-06-18 10:38:25,12m - 2.384s,FAILED
,,,,,,
Test Cases/OCS - DESKTOP/OCS- CRITICAL PATH/Cart flyout- increase qty,Chrome 75.0.3770.90,,2019-06-18 10:26:23,2019-06-18 10:27:10,46.421s,PASSED
"callTestCase(findTestCase(""OCS - DESKTOP/CALL - Navigate to PDP""), [:], STOP_ON_FAILURE)",Chrome 75.0.3770.90,,2019-06-18 10:26:24,2019-06-18 10:26:49,24.881s,PASSED
"scrollToElement(findTestObject(""OCS-DESKTOP/Product page/Product image""), 1)",Chrome 75.0.3770.90,,2019-06-18 10:26:49,2019-06-18 10:26:49,0.001s,NOT_RUN
delay(2),Chrome 75.0.3770.90,,2019-06-18 10:26:49,2019-06-18 10:26:51,2.006s,PASSED
"flag = verifyElementPresent(findTestObject(""OCS-DESKTOP/Product page/Swatch_3.5g""), 0)",Chrome 75.0.3770.90,,2019-06-18 10:26:51,2019-06-18 10:26:51,0.033s,PASSED
"comment("" flag ="" + flag)",Chrome 75.0.3770.90,,2019-06-18 10:26:51,2019-06-18 10:26:51,0.004s,PASSED
if (flag == true),Chrome 75.0.3770.90,,2019-06-18 10:26:51,2019-06-18 10:27:10,18.898s,PASSED
,,,,,,
Test Cases/OCS - DESKTOP/OCS- CRITICAL PATH/Cart flyout- decrease qty,Chrome 75.0.3770.90,,2019-06-18 10:27:10,2019-06-18 10:27:56,46.963s,PASSED
"callTestCase(findTestCase(""OCS - DESKTOP/CALL - Navigate to PDP""), [:], STOP_ON_FAILURE)",Chrome 75.0.3770.90,,2019-06-18 10:27:10,2019-06-18 10:27:32,22.092s,PASSED
"scrollToElement(findTestObject(""OCS-DESKTOP/Product page/Product image""), 1)",Chrome 75.0.3770.90,,2019-06-18 10:27:32,2019-06-18 10:27:32,0.001s,NOT_RUN
delay(2),Chrome 75.0.3770.90,,2019-06-18 10:27:32,2019-06-18 10:27:34,2.003s,PASSED
"executeJavaScript(""var previewBar = document.getElementById(""preview-bar-iframe""); previewBar.style.display = ""none"";"", [])",Chrome 75.0.3770.90,,2019-06-18 10:27:34,2019-06-18 10:27:34,0.010s,PASSED
"flag = verifyElementPresent(findTestObject(""OCS-DESKTOP/Product page/Swatch_1g""), 0)",Chrome 75.0.3770.90,,2019-06-18 10:27:34,2019-06-18 10:27:34,0.026s,PASSED
"click(findTestObject(""OCS-DESKTOP/Product page/Swatch_1g""))",Chrome 75.0.3770.90,,2019-06-18 10:27:34,2019-06-18 10:27:34,0.083s,PASSED
takeScreenshot(),Chrome 75.0.3770.90,,2019-06-18 10:27:34,2019-06-18 10:27:35,0.644s,PASSED
"comment("" flag ="" + flag)",Chrome 75.0.3770.90,,2019-06-18 10:27:35,2019-06-18 10:27:35,0.001s,PASSED
if (flag == true),Chrome 75.0.3770.90,,2019-06-18 10:27:35,2019-06-18 10:27:56,21.844s,PASSED
,,,,,,
Test Cases/OCS - DESKTOP/OCS- CRITICAL PATH/Checkout- Payment,Chrome 75.0.3770.90,,2019-06-18 10:27:56,2019-06-18 10:29:36,1m - 39.224s,PASSED
"callTestCase(findTestCase(""OCS - DESKTOP/CALL- Age gate""), [:], STOP_ON_FAILURE)",Chrome 75.0.3770.90,,2019-06-18 10:27:57,2019-06-18 10:28:12,15.074s,PASSED
"click(findTestObject(""OCS-DESKTOP/Age gate and Mega menu/Header/CANNABIS menu - English""))",Chrome 75.0.3770.90,,2019-06-18 10:28:12,2019-06-18 10:28:15,3.519s,PASSED
delay(2),Chrome 75.0.3770.90,,2019-06-18 10:28:15,2019-06-18 10:28:17,2.006s,PASSED
"click(findTestObject(""OCS-DESKTOP/Age gate and Mega menu/Indica Dominant_Menu item""))",Chrome 75.0.3770.90,,2019-06-18 10:28:17,2019-06-18 10:28:20,2.552s,PASSED
"executeJavaScript(""var previewBar = document.getElementById(""preview-bar-iframe""); previewBar.style.display = ""none"";"", [])",Chrome 75.0.3770.90,,2019-06-18 10:28:20,2019-06-18 10:28:20,0.007s,PASSED
delay(2),Chrome 75.0.3770.90,,2019-06-18 10:28:20,2019-06-18 10:28:22,2.002s,PASSED
"click(findTestObject(""OCS-DESKTOP/Collection page/Product image - 1st one""))",Chrome 75.0.3770.90,,2019-06-18 10:28:22,2019-06-18 10:28:26,4.640s,PASSED
"executeJavaScript(""var previewBar = document.getElementById(""preview-bar-iframe""); previewBar.style.display = ""none"";"", [])",Chrome 75.0.3770.90,,2019-06-18 10:28:26,2019-06-18 10:28:27,0.008s,PASSED
delay(1),Chrome 75.0.3770.90,,2019-06-18 10:28:27,2019-06-18 10:28:28,1.002s,PASSED
delay(3),Chrome 75.0.3770.90,,2019-06-18 10:28:28,2019-06-18 10:28:31,3.003s,PASSED
"scrollToElement(findTestObject(""OCS-DESKTOP/Product page/Product image""), 1)",Chrome 75.0.3770.90,,2019-06-18 10:28:31,2019-06-18 10:28:31,0.001s,NOT_RUN
"click(findTestObject(""OCS-DESKTOP/Product page/Swatch_1g""))",Chrome 75.0.3770.90,,2019-06-18 10:28:31,2019-06-18 10:28:31,0.086s,PASSED
delay(2),Chrome 75.0.3770.90,,2019-06-18 10:28:31,2019-06-18 10:28:33,2.006s,PASSED
"click(findTestObject(""OCS-DESKTOP/Product page/Add to Bag-button""))",Chrome 75.0.3770.90,,2019-06-18 10:28:33,2019-06-18 10:28:33,0.073s,PASSED
delay(1),Chrome 75.0.3770.90,,2019-06-18 10:28:33,2019-06-18 10:28:34,1.010s,PASSED
"click(findTestObject(""OCS-DESKTOP/Home - page/Cart icon -bag""))",Chrome 75.0.3770.90,,2019-06-18 10:28:34,2019-06-18 10:28:34,0.001s,NOT_RUN
delay(1),Chrome 75.0.3770.90,,2019-06-18 10:28:34,2019-06-18 10:28:35,1.002s,PASSED
"click(findTestObject(""OCS-DESKTOP/Cart flyout/Checkbox_I confirm that""))",Chrome 75.0.3770.90,,2019-06-18 10:28:35,2019-06-18 10:28:35,0.060s,PASSED
delay(1),Chrome 75.0.3770.90,,2019-06-18 10:28:35,2019-06-18 10:28:36,1.003s,PASSED
"click(findTestObject(""OCS-DESKTOP/Cart flyout/Checkbox_Accept the Terms Condition""))",Chrome 75.0.3770.90,,2019-06-18 10:28:36,2019-06-18 10:28:36,0.064s,PASSED
delay(1),Chrome 75.0.3770.90,,2019-06-18 10:28:36,2019-06-18 10:28:37,1.004s,PASSED
"click(findTestObject(""OCS-DESKTOP/Cart flyout/Checkout - Button""))",Chrome 75.0.3770.90,,2019-06-18 10:28:37,2019-06-18 10:28:44,6.827s,PASSED
"executeJavaScript(""var previewBar = document.getElementById(""preview-bar-iframe""); previewBar.style.display = ""none"";"", [])",Chrome 75.0.3770.90,,2019-06-18 10:28:44,2019-06-18 10:28:44,0.014s,PASSED
delay(1),Chrome 75.0.3770.90,,2019-06-18 10:28:44,2019-06-18 10:28:45,1.002s,PASSED
delay(2),Chrome 75.0.3770.90,,2019-06-18 10:28:45,2019-06-18 10:28:47,2.001s,PASSED
"scrollToElement(findTestObject(""OCS-DESKTOP/Customer info page/input_Email""), 0)",Chrome 75.0.3770.90,,2019-06-18 10:28:47,2019-06-18 10:28:47,0.038s,PASSED
"setText(findTestObject(""OCS-DESKTOP/Customer info page/input_Email""), ""suman.kompelly@diffagency.com"")",Chrome 75.0.3770.90,,2019-06-18 10:28:47,2019-06-18 10:28:47,0.354s,PASSED
"setText(findTestObject(""OCS-DESKTOP/Customer info page/input_First name""), ""suman"")",Chrome 75.0.3770.90,,2019-06-18 10:28:47,2019-06-18 10:28:47,0.132s,PASSED
"setText(findTestObject(""OCS-DESKTOP/Customer info page/input_Last name""), ""kompelly"")",Chrome 75.0.3770.90,,2019-06-18 10:28:47,2019-06-18 10:28:47,0.183s,PASSED
"setText(findTestObject(""OCS-DESKTOP/Customer info page/input_Address""), ""300 saint alxendre"")",Chrome 75.0.3770.90,,2019-06-18 10:28:47,2019-06-18 10:28:48,0.205s,PASSED
"setText(findTestObject(""OCS-DESKTOP/Customer info page/input_Apartment suite etc. (op""), ""199"")",Chrome 75.0.3770.90,,2019-06-18 10:28:48,2019-06-18 10:28:48,0.133s,PASSED
"setText(findTestObject(""OCS-DESKTOP/Customer info page/input_City""), ""montreal"")",Chrome 75.0.3770.90,,2019-06-18 10:28:48,2019-06-18 10:28:48,0.167s,PASSED
"setText(findTestObject(""OCS-DESKTOP/Customer info page/input_Postal code""), ""n0R1K0"")",Chrome 75.0.3770.90,,2019-06-18 10:28:48,2019-06-18 10:28:48,0.136s,PASSED
"setText(findTestObject(""OCS-DESKTOP/Customer info page/input_Phone""), ""(514) 449-3882"")",Chrome 75.0.3770.90,,2019-06-18 10:28:48,2019-06-18 10:28:48,0.198s,PASSED
delay(3),Chrome 75.0.3770.90,,2019-06-18 10:28:48,2019-06-18 10:28:51,3.001s,PASSED
"click(findTestObject(""OCS-DESKTOP/Customer info page/Continue to shipping method - Button""))",Chrome 75.0.3770.90,,2019-06-18 10:28:51,2019-06-18 10:28:53,1.911s,PASSED
delay(3),Chrome 75.0.3770.90,,2019-06-18 10:28:53,2019-06-18 10:28:56,3.005s,PASSED
"executeJavaScript(""var previewBar = document.getElementById(""preview-bar-iframe""); previewBar.style.display = ""none"";"", [])",Chrome 75.0.3770.90,,2019-06-18 10:28:56,2019-06-18 10:28:56,0.009s,PASSED
delay(1),Chrome 75.0.3770.90,,2019-06-18 10:28:56,2019-06-18 10:28:57,1.010s,PASSED
delay(1),Chrome 75.0.3770.90,,2019-06-18 10:28:57,2019-06-18 10:28:58,1.005s,PASSED
"click(findTestObject(""OCS-DESKTOP/Shipping page/Continue to payment method - Button""))",Chrome 75.0.3770.90,,2019-06-18 10:28:58,2019-06-18 10:29:01,2.707s,PASSED
"executeJavaScript(""var previewBar = document.getElementById(""preview-bar-iframe""); previewBar.style.display = ""none"";"", [])",Chrome 75.0.3770.90,,2019-06-18 10:29:01,2019-06-18 10:29:01,0.008s,PASSED
delay(1),Chrome 75.0.3770.90,,2019-06-18 10:29:01,2019-06-18 10:29:02,1.005s,PASSED
"click(findTestObject(""OCS-DESKTOP/Payment -page/Change link span 1""))",Chrome 75.0.3770.90,,2019-06-18 10:29:02,2019-06-18 10:29:03,1.374s,PASSED
"executeJavaScript(""var previewBar = document.getElementById(""preview-bar-iframe""); previewBar.style.display = ""none"";"", [])",Chrome 75.0.3770.90,,2019-06-18 10:29:03,2019-06-18 10:29:03,0.006s,PASSED
delay(1),Chrome 75.0.3770.90,,2019-06-18 10:29:03,2019-06-18 10:29:04,1.004s,PASSED
"click(findTestObject(""OCS-DESKTOP/Shipping page/Continue to payment method - Button""))",Chrome 75.0.3770.90,,2019-06-18 10:29:04,2019-06-18 10:29:06,1.977s,PASSED
"executeJavaScript(""var previewBar = document.getElementById(""preview-bar-iframe""); previewBar.style.display = ""none"";"", [])",Chrome 75.0.3770.90,,2019-06-18 10:29:06,2019-06-18 10:29:06,0.006s,PASSED
delay(1),Chrome 75.0.3770.90,,2019-06-18 10:29:06,2019-06-18 10:29:07,1.003s,PASSED
"click(findTestObject(""OCS-DESKTOP/Shipping page/Continue to payment method - Button""))",Chrome 75.0.3770.90,,2019-06-18 10:29:07,2019-06-18 10:29:10,2.263s,PASSED
"executeJavaScript(""var previewBar = document.getElementById(""preview-bar-iframe""); previewBar.style.display = ""none"";"", [])",Chrome 75.0.3770.90,,2019-06-18 10:29:10,2019-06-18 10:29:10,0.007s,PASSED
delay(1),Chrome 75.0.3770.90,,2019-06-18 10:29:10,2019-06-18 10:29:11,1.002s,PASSED
"click(findTestObject(""OCS-DESKTOP/Payment -page/Change link span 2""))",Chrome 75.0.3770.90,,2019-06-18 10:29:11,2019-06-18 10:29:12,1.302s,PASSED
"executeJavaScript(""var previewBar = document.getElementById(""preview-bar-iframe""); previewBar.style.display = ""none"";"", [])",Chrome 75.0.3770.90,,2019-06-18 10:29:12,2019-06-18 10:29:12,0.006s,PASSED
delay(1),Chrome 75.0.3770.90,,2019-06-18 10:29:12,2019-06-18 10:29:13,1.006s,PASSED
"click(findTestObject(""OCS-DESKTOP/Shipping page/Continue to payment method - Button""))",Chrome 75.0.3770.90,,2019-06-18 10:29:13,2019-06-18 10:29:14,1.616s,PASSED
"executeJavaScript(""var previewBar = document.getElementById(""preview-bar-iframe""); previewBar.style.display = ""none"";"", [])",Chrome 75.0.3770.90,,2019-06-18 10:29:14,2019-06-18 10:29:14,0.007s,PASSED
delay(1),Chrome 75.0.3770.90,,2019-06-18 10:29:14,2019-06-18 10:29:15,1.003s,PASSED
"click(findTestObject(""OCS-DESKTOP/Shipping page/Continue to payment method - Button""))",Chrome 75.0.3770.90,,2019-06-18 10:29:15,2019-06-18 10:29:18,2.230s,PASSED
"executeJavaScript(""var previewBar = document.getElementById(""preview-bar-iframe""); previewBar.style.display = ""none"";"", [])",Chrome 75.0.3770.90,,2019-06-18 10:29:18,2019-06-18 10:29:18,0.009s,PASSED
"click(findTestObject(""OCS-DESKTOP/Customer info page/Cart - Breadcrumb link""))",Chrome 75.0.3770.90,,2019-06-18 10:29:18,2019-06-18 10:29:19,1.442s,PASSED
"executeJavaScript(""var previewBar = document.getElementById(""preview-bar-iframe""); previewBar.style.display = ""none"";"", [])",Chrome 75.0.3770.90,,2019-06-18 10:29:19,2019-06-18 10:29:19,0.007s,PASSED
delay(1),Chrome 75.0.3770.90,,2019-06-18 10:29:19,2019-06-18 10:29:20,1.004s,PASSED
"click(findTestObject(""OCS-DESKTOP/Cart page/cart page-Checkbox_I confirm that""))",Chrome 75.0.3770.90,,2019-06-18 10:29:20,2019-06-18 10:29:20,0.078s,PASSED
delay(1),Chrome 75.0.3770.90,,2019-06-18 10:29:20,2019-06-18 10:29:21,1.006s,PASSED
"click(findTestObject(""OCS-DESKTOP/Cart page/cart page - Checkbox_Accept the Terms Condition""))",Chrome 75.0.3770.90,,2019-06-18 10:29:21,2019-06-18 10:29:21,0.056s,PASSED
delay(1),Chrome 75.0.3770.90,,2019-06-18 10:29:21,2019-06-18 10:29:22,1.005s,PASSED
"click(findTestObject(""OCS-DESKTOP/Cart page/Cart page -checkout button""))",Chrome 75.0.3770.90,,2019-06-18 10:29:22,2019-06-18 10:29:25,2.471s,PASSED
delay(1),Chrome 75.0.3770.90,,2019-06-18 10:29:25,2019-06-18 10:29:26,1.002s,PASSED
"click(findTestObject(""OCS-DESKTOP/Payment -page/Information - Breadcrumb link""))",Chrome 75.0.3770.90,,2019-06-18 10:29:26,2019-06-18 10:29:27,1.334s,PASSED
delay(1),Chrome 75.0.3770.90,,2019-06-18 10:29:27,2019-06-18 10:29:28,1.007s,PASSED
"executeJavaScript(""var previewBar = document.getElementById(""preview-bar-iframe""); previewBar.style.display = ""none"";"", [])",Chrome 75.0.3770.90,,2019-06-18 10:29:28,2019-06-18 10:29:28,0.009s,PASSED
delay(1),Chrome 75.0.3770.90,,2019-06-18 10:29:28,2019-06-18 10:29:29,1.003s,PASSED
"click(findTestObject(""OCS-DESKTOP/Customer info page/Continue to shipping method - Button""))",Chrome 75.0.3770.90,,2019-06-18 10:29:29,2019-06-18 10:29:31,1.747s,PASSED
delay(1),Chrome 75.0.3770.90,,2019-06-18 10:29:31,2019-06-18 10:29:32,1.003s,PASSED
"click(findTestObject(""OCS-DESKTOP/Shipping page/Shipping - Breadcrumb link""))",Chrome 75.0.3770.90,,2019-06-18 10:29:32,2019-06-18 10:29:33,1.138s,PASSED
"executeJavaScript(""var previewBar = document.getElementById(""preview-bar-iframe""); previewBar.style.display = ""none"";"", [])",Chrome 75.0.3770.90,,2019-06-18 10:29:33,2019-06-18 10:29:33,0.006s,PASSED
delay(1),Chrome 75.0.3770.90,,2019-06-18 10:29:33,2019-06-18 10:29:34,1.001s,PASSED
"click(findTestObject(""OCS-DESKTOP/Shipping page/Continue to payment method - Button""))",Chrome 75.0.3770.90,,2019-06-18 10:29:34,2019-06-18 10:29:36,1.676s,PASSED
,,,,,,
Test Cases/OCS - DESKTOP/OCS- CRITICAL PATH/Checkout - customer information page,Chrome 75.0.3770.90,,2019-06-18 10:29:36,2019-06-18 10:30:38,1m - 2.130s,PASSED
"callTestCase(findTestCase(""OCS - DESKTOP/CALL- Age gate""), [:], STOP_ON_FAILURE)",Chrome 75.0.3770.90,,2019-06-18 10:29:36,2019-06-18 10:29:50,14.343s,PASSED
delay(2),Chrome 75.0.3770.90,,2019-06-18 10:29:50,2019-06-18 10:29:52,2.004s,PASSED
"click(findTestObject(""OCS-DESKTOP/Age gate and Mega menu/Header/CANNABIS menu - English""))",Chrome 75.0.3770.90,,2019-06-18 10:29:52,2019-06-18 10:29:53,0.784s,PASSED
delay(2),Chrome 75.0.3770.90,,2019-06-18 10:29:53,2019-06-18 10:29:55,2.002s,PASSED
"executeJavaScript(""var previewBar = document.getElementById(""preview-bar-iframe""); previewBar.style.display = ""none"";"", [])",Chrome 75.0.3770.90,,2019-06-18 10:29:55,2019-06-18 10:29:55,0.009s,PASSED
"click(findTestObject(""OCS-DESKTOP/Age gate and Mega menu/Indica Dominant_Menu item""))",Chrome 75.0.3770.90,,2019-06-18 10:29:55,2019-06-18 10:29:57,2.098s,PASSED
"executeJavaScript(""var previewBar = document.getElementById(""preview-bar-iframe""); previewBar.style.display = ""none"";"", [])",Chrome 75.0.3770.90,,2019-06-18 10:29:57,2019-06-18 10:29:57,0.006s,PASSED
delay(2),Chrome 75.0.3770.90,,2019-06-18 10:29:57,2019-06-18 10:29:59,2.002s,PASSED
"click(findTestObject(""OCS-DESKTOP/Collection page/Product image - 1st one""))",Chrome 75.0.3770.90,,2019-06-18 10:29:59,2019-06-18 10:30:03,4.076s,PASSED
"executeJavaScript(""var previewBar = document.getElementById(""preview-bar-iframe""); previewBar.style.display = ""none"";"", [])",Chrome 75.0.3770.90,,2019-06-18 10:30:03,2019-06-18 10:30:03,0.006s,PASSED
delay(1),Chrome 75.0.3770.90,,2019-06-18 10:30:03,2019-06-18 10:30:04,1.004s,PASSED
delay(3),Chrome 75.0.3770.90,,2019-06-18 10:30:04,2019-06-18 10:30:07,3.006s,PASSED
"scrollToElement(findTestObject(""OCS-DESKTOP/Product page/Product image""), 1)",Chrome 75.0.3770.90,,2019-06-18 10:30:07,2019-06-18 10:30:07,0.001s,NOT_RUN
"click(findTestObject(""OCS-DESKTOP/Product page/Swatch_1g""))",Chrome 75.0.3770.90,,2019-06-18 10:30:07,2019-06-18 10:30:07,0.087s,PASSED
delay(2),Chrome 75.0.3770.90,,2019-06-18 10:30:07,2019-06-18 10:30:09,2.002s,PASSED
"click(findTestObject(""OCS-DESKTOP/Product page/Add to Bag-button""))",Chrome 75.0.3770.90,,2019-06-18 10:30:09,2019-06-18 10:30:09,0.068s,PASSED
delay(1),Chrome 75.0.3770.90,,2019-06-18 10:30:09,2019-06-18 10:30:10,1.002s,PASSED
"click(findTestObject(""OCS-DESKTOP/Home - page/Cart icon -bag""))",Chrome 75.0.3770.90,,2019-06-18 10:30:10,2019-06-18 10:30:10,0.001s,NOT_RUN
delay(1),Chrome 75.0.3770.90,,2019-06-18 10:30:10,2019-06-18 10:30:11,1.004s,PASSED
"click(findTestObject(""OCS-DESKTOP/Cart flyout/Checkbox_I confirm that""))",Chrome 75.0.3770.90,,2019-06-18 10:30:11,2019-06-18 10:30:11,0.058s,PASSED
delay(1),Chrome 75.0.3770.90,,2019-06-18 10:30:11,2019-06-18 10:30:12,1.001s,PASSED
"click(findTestObject(""OCS-DESKTOP/Cart flyout/Checkbox_Accept the Terms Condition""))",Chrome 75.0.3770.90,,2019-06-18 10:30:12,2019-06-18 10:30:12,0.052s,PASSED
delay(1),Chrome 75.0.3770.90,,2019-06-18 10:30:12,2019-06-18 10:30:13,1.005s,PASSED
"click(findTestObject(""OCS-DESKTOP/Cart flyout/Checkout - Button""))",Chrome 75.0.3770.90,,2019-06-18 10:30:13,2019-06-18 10:30:19,5.455s,PASSED
"executeJavaScript(""var previewBar = document.getElementById(""preview-bar-iframe""); previewBar.style.display = ""none"";"", [])",Chrome 75.0.3770.90,,2019-06-18 10:30:19,2019-06-18 10:30:19,0.005s,PASSED
delay(1),Chrome 75.0.3770.90,,2019-06-18 10:30:19,2019-06-18 10:30:20,1.001s,PASSED
delay(2),Chrome 75.0.3770.90,,2019-06-18 10:30:20,2019-06-18 10:30:22,2.002s,PASSED
"scrollToElement(findTestObject(""OCS-DESKTOP/Customer info page/input_Email""), 0)",Chrome 75.0.3770.90,,2019-06-18 10:30:22,2019-06-18 10:30:22,0.027s,PASSED
"setText(findTestObject(""OCS-DESKTOP/Customer info page/input_Email""), ""suman.kompelly@diffagency.com"")",Chrome 75.0.3770.90,,2019-06-18 10:30:22,2019-06-18 10:30:22,0.319s,PASSED
"setText(findTestObject(""OCS-DESKTOP/Customer info page/input_First name""), ""suman"")",Chrome 75.0.3770.90,,2019-06-18 10:30:22,2019-06-18 10:30:22,0.106s,PASSED
"setText(findTestObject(""OCS-DESKTOP/Customer info page/input_Last name""), ""kompelly"")",Chrome 75.0.3770.90,,2019-06-18 10:30:22,2019-06-18 10:30:23,0.163s,PASSED
"setText(findTestObject(""OCS-DESKTOP/Customer info page/input_Address""), ""300 saint alxendre"")",Chrome 75.0.3770.90,,2019-06-18 10:30:23,2019-06-18 10:30:23,0.234s,PASSED
"setText(findTestObject(""OCS-DESKTOP/Customer info page/input_Apartment suite etc. (op""), ""199"")",Chrome 75.0.3770.90,,2019-06-18 10:30:23,2019-06-18 10:30:23,0.132s,PASSED
"setText(findTestObject(""OCS-DESKTOP/Customer info page/input_City""), ""montreal"")",Chrome 75.0.3770.90,,2019-06-18 10:30:23,2019-06-18 10:30:23,0.145s,PASSED
"setText(findTestObject(""OCS-DESKTOP/Customer info page/input_Postal code""), ""n0R1K0"")",Chrome 75.0.3770.90,,2019-06-18 10:30:23,2019-06-18 10:30:23,0.142s,PASSED
"setText(findTestObject(""OCS-DESKTOP/Customer info page/input_Phone""), ""(514) 449-3882"")",Chrome 75.0.3770.90,,2019-06-18 10:30:23,2019-06-18 10:30:23,0.189s,PASSED
delay(1),Chrome 75.0.3770.90,,2019-06-18 10:30:23,2019-06-18 10:30:24,1.005s,PASSED
"click(findTestObject(""OCS-DESKTOP/Customer info page/Return to Cart - Link""))",Chrome 75.0.3770.90,,2019-06-18 10:30:24,2019-06-18 10:30:26,1.195s,PASSED
delay(2),Chrome 75.0.3770.90,,2019-06-18 10:30:26,2019-06-18 10:30:28,2.002s,PASSED
"click(findTestObject(""OCS-DESKTOP/Cart page/cart page-Checkbox_I confirm that""))",Chrome 75.0.3770.90,,2019-06-18 10:30:28,2019-06-18 10:30:28,0.103s,PASSED
delay(2),Chrome 75.0.3770.90,,2019-06-18 10:30:28,2019-06-18 10:30:30,2.004s,PASSED
"click(findTestObject(""OCS-DESKTOP/Cart page/cart page - Checkbox_Accept the Terms Condition""))",Chrome 75.0.3770.90,,2019-06-18 10:30:30,2019-06-18 10:30:30,0.048s,PASSED
delay(1),Chrome 75.0.3770.90,,2019-06-18 10:30:30,2019-06-18 10:30:31,1.004s,PASSED
"click(findTestObject(""OCS-DESKTOP/Cart page/Cart page -checkout button""))",Chrome 75.0.3770.90,,2019-06-18 10:30:31,2019-06-18 10:30:33,2.061s,PASSED
"setText(findTestObject(""OCS-DESKTOP/Customer info page/input_Email""), ""suman.kompelly@diffagency.com"")",Chrome 75.0.3770.90,,2019-06-18 10:30:33,2019-06-18 10:30:33,0.331s,PASSED
"setText(findTestObject(""OCS-DESKTOP/Customer info page/input_First name""), ""suman"")",Chrome 75.0.3770.90,,2019-06-18 10:30:33,2019-06-18 10:30:33,0.102s,PASSED
"setText(findTestObject(""OCS-DESKTOP/Customer info page/input_Last name""), ""kompelly"")",Chrome 75.0.3770.90,,2019-06-18 10:30:33,2019-06-18 10:30:33,0.154s,PASSED
"setText(findTestObject(""OCS-DESKTOP/Customer info page/input_Address""), ""300 saint alxendre"")",Chrome 75.0.3770.90,,2019-06-18 10:30:33,2019-06-18 10:30:34,0.198s,PASSED
"setText(findTestObject(""OCS-DESKTOP/Customer info page/input_Apartment suite etc. (op""), ""199"")",Chrome 75.0.3770.90,,2019-06-18 10:30:34,2019-06-18 10:30:34,0.099s,PASSED
"setText(findTestObject(""OCS-DESKTOP/Customer info page/input_City""), ""montreal"")",Chrome 75.0.3770.90,,2019-06-18 10:30:34,2019-06-18 10:30:34,0.150s,PASSED
"setText(findTestObject(""OCS-DESKTOP/Customer info page/input_Postal code""), ""n0R1K0"")",Chrome 75.0.3770.90,,2019-06-18 10:30:34,2019-06-18 10:30:34,0.171s,PASSED
"setText(findTestObject(""OCS-DESKTOP/Customer info page/input_Phone""), ""(514) 449-3882"")",Chrome 75.0.3770.90,,2019-06-18 10:30:34,2019-06-18 10:30:34,0.223s,PASSED
delay(1),Chrome 75.0.3770.90,,2019-06-18 10:30:34,2019-06-18 10:30:35,1.001s,PASSED
"executeJavaScript(""var previewBar = document.getElementById(""preview-bar-iframe""); previewBar.style.display = ""none"";"", [])",Chrome 75.0.3770.90,,2019-06-18 10:30:35,2019-06-18 10:30:35,0.007s,PASSED
"click(findTestObject(""OCS-DESKTOP/Customer info page/Continue to shipping method - Button""))",Chrome 75.0.3770.90,,2019-06-18 10:30:35,2019-06-18 10:30:38,2.457s,PASSED
closeBrowser(),Chrome 75.0.3770.90,,2019-06-18 10:30:38,2019-06-18 10:30:38,0.114s,PASSED
,,,,,,
Test Cases/OCS - DESKTOP/OCS- CRITICAL PATH/Cart flyout-tooltips,Chrome 75.0.3770.90,,2019-06-18 10:30:38,2019-06-18 10:31:25,46.929s,PASSED
"callTestCase(findTestCase(""OCS - DESKTOP/CALL- Age gate""), [:], STOP_ON_FAILURE)",Chrome 75.0.3770.90,,2019-06-18 10:30:38,2019-06-18 10:30:52,14.480s,PASSED
delay(2),Chrome 75.0.3770.90,,2019-06-18 10:30:52,2019-06-18 10:30:54,2.006s,PASSED
refresh(),Chrome 75.0.3770.90,,2019-06-18 10:30:54,2019-06-18 10:30:56,1.875s,PASSED
"click(findTestObject(""OCS-DESKTOP/Age gate and Mega menu/Header/CANNABIS menu - English""))",Chrome 75.0.3770.90,,2019-06-18 10:30:56,2019-06-18 10:31:00,3.381s,PASSED
delay(4),Chrome 75.0.3770.90,,2019-06-18 10:31:00,2019-06-18 10:31:04,4.002s,PASSED
maximizeWindow(),Chrome 75.0.3770.90,,2019-06-18 10:31:04,2019-06-18 10:31:04,0.000s,NOT_RUN
"click(findTestObject(""OCS-DESKTOP/Age gate and Mega menu/Indica Dominant_Menu item""))",Chrome 75.0.3770.90,,2019-06-18 10:31:04,2019-06-18 10:31:06,2.277s,PASSED
delay(2),Chrome 75.0.3770.90,,2019-06-18 10:31:06,2019-06-18 10:31:08,2.002s,PASSED
"executeJavaScript(""var previewBar = document.getElementById(""preview-bar-iframe""); previewBar.style.display = ""none"";"", [])",Chrome 75.0.3770.90,,2019-06-18 10:31:08,2019-06-18 10:31:08,0.011s,PASSED
"click(findTestObject(""OCS-DESKTOP/Collection page/Product image - 1st one""))",Chrome 75.0.3770.90,,2019-06-18 10:31:08,2019-06-18 10:31:12,3.746s,PASSED
delay(3),Chrome 75.0.3770.90,,2019-06-18 10:31:12,2019-06-18 10:31:15,3.002s,PASSED
"executeJavaScript(""var previewBar = document.getElementById(""preview-bar-iframe""); previewBar.style.display = ""none"";"", [])",Chrome 75.0.3770.90,,2019-06-18 10:31:15,2019-06-18 10:31:15,0.015s,PASSED
"scrollToElement(findTestObject(""OCS-DESKTOP/Product page/Product image""), 1)",Chrome 75.0.3770.90,,2019-06-18 10:31:15,2019-06-18 10:31:15,0.001s,NOT_RUN
"click(findTestObject(""OCS-DESKTOP/Product page/Swatch_1g""))",Chrome 75.0.3770.90,,2019-06-18 10:31:15,2019-06-18 10:31:15,0.086s,PASSED
delay(2),Chrome 75.0.3770.90,,2019-06-18 10:31:15,2019-06-18 10:31:17,2.005s,PASSED
"click(findTestObject(""OCS-DESKTOP/Product page/Add to Bag-button""))",Chrome 75.0.3770.90,,2019-06-18 10:31:17,2019-06-18 10:31:17,0.098s,PASSED
delay(1),Chrome 75.0.3770.90,,2019-06-18 10:31:17,2019-06-18 10:31:18,1.003s,PASSED
"click(findTestObject(""OCS-DESKTOP/Home - page/Cart icon -bag""), OPTIONAL)",Chrome 75.0.3770.90,,2019-06-18 10:31:18,2019-06-18 10:31:19,0.761s,PASSED
delay(1),Chrome 75.0.3770.90,,2019-06-18 10:31:19,2019-06-18 10:31:20,1.003s,PASSED
"mouseOver(findTestObject(""OCS-DESKTOP/Cart flyout/tool tip - TOP""))",Chrome 75.0.3770.90,,2019-06-18 10:31:20,2019-06-18 10:31:20,0.050s,PASSED
delay(3),Chrome 75.0.3770.90,,2019-06-18 10:31:20,2019-06-18 10:31:23,3.004s,PASSED
delay(2),Chrome 75.0.3770.90,,2019-06-18 10:31:23,2019-06-18 10:31:25,2.004s,PASSED
"mouseOver(findTestObject(""OCS-DESKTOP/Cart flyout/tool tip -DOWN""))",Chrome 75.0.3770.90,,2019-06-18 10:31:25,2019-06-18 10:31:25,0.035s,PASSED
,,,,,,
Test Cases/OCS - DESKTOP/OCS- CRITICAL PATH/Cart,Chrome 75.0.3770.90,,2019-06-18 10:31:25,2019-06-18 10:32:49,1m - 24.497s,FAILED
"callTestCase(findTestCase(""OCS - DESKTOP/CALL - Navigate to PDP""), [:], STOP_ON_FAILURE)",Chrome 75.0.3770.90,,2019-06-18 10:31:25,2019-06-18 10:31:46,21.168s,PASSED
"scrollToElement(findTestObject(""OCS-DESKTOP/Product page/Product image""), 1)",Chrome 75.0.3770.90,,2019-06-18 10:31:46,2019-06-18 10:31:46,0.000s,NOT_RUN
delay(2),Chrome 75.0.3770.90,,2019-06-18 10:31:46,2019-06-18 10:31:48,2.002s,PASSED
"executeJavaScript(""var previewBar = document.getElementById(""preview-bar-iframe""); previewBar.style.display = ""none"";"", [])",Chrome 75.0.3770.90,,2019-06-18 10:31:48,2019-06-18 10:31:48,0.008s,PASSED
"click(findTestObject(""OCS-DESKTOP/Product page/Swatch_1g""))",Chrome 75.0.3770.90,,2019-06-18 10:31:48,2019-06-18 10:31:48,0.114s,PASSED
"scrollToElement(findTestObject(""OCS-DESKTOP/Product page/Swatch_3.5g""), 1)",Chrome 75.0.3770.90,,2019-06-18 10:31:48,2019-06-18 10:31:48,0.000s,NOT_RUN
delay(2),Chrome 75.0.3770.90,,2019-06-18 10:31:48,2019-06-18 10:31:50,2.005s,PASSED
"click(findTestObject(""OCS-DESKTOP/Product page/Add to Bag-button""))",Chrome 75.0.3770.90,,2019-06-18 10:31:50,2019-06-18 10:31:50,0.080s,PASSED
delay(2),Chrome 75.0.3770.90,,2019-06-18 10:31:50,2019-06-18 10:31:52,2.002s,PASSED
"click(findTestObject(""OCS-DESKTOP/Cart flyout/Back icon""), CONTINUE_ON_FAILURE)",Chrome 75.0.3770.90,,2019-06-18 10:31:52,2019-06-18 10:31:52,0.091s,PASSED
delay(2),Chrome 75.0.3770.90,,2019-06-18 10:31:52,2019-06-18 10:31:54,2.011s,PASSED
"click(findTestObject(""OCS-DESKTOP/Home - page/Cart icon -bag""), OPTIONAL)",Chrome 75.0.3770.90,,2019-06-18 10:31:54,2019-06-18 10:31:54,0.002s,NOT_RUN
delay(2),Chrome 75.0.3770.90,,2019-06-18 10:31:54,2019-06-18 10:31:56,2.002s,PASSED
"flag = verifyElementPresent(findTestObject(""OCS-DESKTOP/Product page/Swatch_3.5g""), 0)",Chrome 75.0.3770.90,,2019-06-18 10:31:56,2019-06-18 10:31:56,0.017s,PASSED
"comment("" flag="" + flag)",Chrome 75.0.3770.90,,2019-06-18 10:31:56,2019-06-18 10:31:56,0.001s,PASSED
takeScreenshot(),Chrome 75.0.3770.90,,2019-06-18 10:31:56,2019-06-18 10:31:57,0.673s,PASSED
delay(2),Chrome 75.0.3770.90,,2019-06-18 10:31:57,2019-06-18 10:31:59,2.002s,PASSED
"click(findTestObject(""OCS-DESKTOP/Product page/Swatch_3.5g""), CONTINUE_ON_FAILURE)",Chrome 75.0.3770.90,,2019-06-18 10:31:59,2019-06-18 10:31:59,0.103s,PASSED
"click(findTestObject(""OCS-DESKTOP/Product page/Add to Bag-button""))",Chrome 75.0.3770.90,,2019-06-18 10:31:59,2019-06-18 10:31:59,0.076s,PASSED
delay(2),Chrome 75.0.3770.90,,2019-06-18 10:31:59,2019-06-18 10:32:01,2.002s,PASSED
"click(findTestObject(""OCS-DESKTOP/Home - page/Cart icon -bag""), OPTIONAL)",Chrome 75.0.3770.90,,2019-06-18 10:32:01,2019-06-18 10:32:02,0.604s,PASSED
delay(2),Chrome 75.0.3770.90,,2019-06-18 10:32:02,2019-06-18 10:32:04,2.003s,PASSED
"click(findTestObject(""OCS-DESKTOP/Cart flyout/Checkbox_I confirm that""))",Chrome 75.0.3770.90,,2019-06-18 10:32:04,2019-06-18 10:32:04,0.060s,PASSED
delay(2),Chrome 75.0.3770.90,,2019-06-18 10:32:04,2019-06-18 10:32:06,2.004s,PASSED
"click(findTestObject(""OCS-DESKTOP/Cart flyout/Checkbox_Accept the Terms Condition""))",Chrome 75.0.3770.90,,2019-06-18 10:32:06,2019-06-18 10:32:06,0.059s,PASSED
delay(2),Chrome 75.0.3770.90,,2019-06-18 10:32:06,2019-06-18 10:32:08,2.004s,PASSED
"click(findTestObject(""OCS-DESKTOP/Cart flyout/Checkout - Button""))",Chrome 75.0.3770.90,,2019-06-18 10:32:08,2019-06-18 10:32:11,2.766s,PASSED
delay(2),Chrome 75.0.3770.90,,2019-06-18 10:32:11,2019-06-18 10:32:13,2.003s,PASSED
"scrollToElement(findTestObject(""OCS-DESKTOP/Customer info page/Return to Cart - Link""), 1)",Chrome 75.0.3770.90,,2019-06-18 10:32:13,2019-06-18 10:32:13,0.001s,NOT_RUN
delay(2),Chrome 75.0.3770.90,,2019-06-18 10:32:13,2019-06-18 10:32:15,2.001s,PASSED
"click(findTestObject(""OCS-DESKTOP/Customer info page/Cart - Breadcrumb link""))",Chrome 75.0.3770.90,,2019-06-18 10:32:15,2019-06-18 10:32:16,1.329s,PASSED
delay(2),Chrome 75.0.3770.90,,2019-06-18 10:32:16,2019-06-18 10:32:18,2.006s,PASSED
"a = getText(findTestObject(""OCS-DESKTOP/Cart page/Unit price - 1st product""))",Chrome 75.0.3770.90,,2019-06-18 10:32:18,2019-06-18 10:32:49,31.166s,FAILED
,,,,,,
Test Cases/OCS - DESKTOP/OCS- CRITICAL PATH/cart flyout- accessories,Chrome 75.0.3770.90,,2019-06-18 10:32:49,2019-06-18 10:33:33,43.342s,PASSED
"callTestCase(findTestCase(""OCS - DESKTOP/CALL - PDP""), [:], STOP_ON_FAILURE)",Chrome 75.0.3770.90,,2019-06-18 10:32:49,2019-06-18 10:33:21,31.202s,PASSED
"scrollToElement(findTestObject(""OCS-DESKTOP/Product page/Product image""), 1)",Chrome 75.0.3770.90,,2019-06-18 10:33:21,2019-06-18 10:33:21,0.001s,NOT_RUN
delay(2),Chrome 75.0.3770.90,,2019-06-18 10:33:21,2019-06-18 10:33:23,2.003s,PASSED
"click(findTestObject(""OCS-DESKTOP/Product page/Swatch_1g""))",Chrome 75.0.3770.90,,2019-06-18 10:33:23,2019-06-18 10:33:23,0.098s,PASSED
"scrollToElement(findTestObject(""OCS-DESKTOP/Product page/Swatch_3.5g""), 1)",Chrome 75.0.3770.90,,2019-06-18 10:33:23,2019-06-18 10:33:23,0.025s,PASSED
delay(2),Chrome 75.0.3770.90,,2019-06-18 10:33:23,2019-06-18 10:33:25,2.002s,PASSED
"click(findTestObject(""OCS-DESKTOP/Product page/Add to Bag-button""))",Chrome 75.0.3770.90,,2019-06-18 10:33:25,2019-06-18 10:33:25,0.070s,PASSED
delay(1),Chrome 75.0.3770.90,,2019-06-18 10:33:25,2019-06-18 10:33:26,1.004s,PASSED
delay(2),Chrome 75.0.3770.90,,2019-06-18 10:33:26,2019-06-18 10:33:28,2.011s,PASSED
"click(findTestObject(""OCS-DESKTOP/Theme preview - Hide bar""))",Chrome 75.0.3770.90,,2019-06-18 10:33:28,2019-06-18 10:33:28,0.001s,NOT_RUN
delay(2),Chrome 75.0.3770.90,,2019-06-18 10:33:28,2019-06-18 10:33:28,0.001s,NOT_RUN
"click(findTestObject(""OCS-DESKTOP/Cart flyout/Up Chevron - Accessories you might need""))",Chrome 75.0.3770.90,,2019-06-18 10:33:28,2019-06-18 10:33:28,0.065s,PASSED
takeScreenshot(),Chrome 75.0.3770.90,,2019-06-18 10:33:28,2019-06-18 10:33:29,0.688s,PASSED
delay(4),Chrome 75.0.3770.90,,2019-06-18 10:33:29,2019-06-18 10:33:33,4.005s,PASSED
"click(findTestObject(""OCS-DESKTOP/Cart flyout/Down Chevron - Accessories you might need""))",Chrome 75.0.3770.90,,2019-06-18 10:33:33,2019-06-18 10:33:33,0.078s,PASSED
,,,,,,
Test Cases/OCS - DESKTOP/OCS- CRITICAL PATH/Cart flyout-price comparison,Chrome 75.0.3770.90,,2019-06-18 10:33:33,2019-06-18 10:34:33,1m - 0.225s,PASSED
"callTestCase(findTestCase(""OCS - DESKTOP/CALL - Navigate to PDP""), [:], STOP_ON_FAILURE)",Chrome 75.0.3770.90,,2019-06-18 10:33:33,2019-06-18 10:33:53,19.970s,PASSED
"scrollToElement(findTestObject(""OCS-DESKTOP/Product page/Product image""), 1)",Chrome 75.0.3770.90,,2019-06-18 10:33:53,2019-06-18 10:33:53,0.001s,NOT_RUN
delay(2),Chrome 75.0.3770.90,,2019-06-18 10:33:53,2019-06-18 10:33:55,2.002s,PASSED
"flag = verifyElementPresent(findTestObject(""OCS-DESKTOP/Product page/Swatch_3.5g""), 0)",Chrome 75.0.3770.90,,2019-06-18 10:33:55,2019-06-18 10:33:55,0.001s,NOT_RUN
"comment("" flag="" + flag)",Chrome 75.0.3770.90,,2019-06-18 10:33:55,2019-06-18 10:33:55,0.000s,NOT_RUN
takeScreenshot(),Chrome 75.0.3770.90,,2019-06-18 10:33:55,2019-06-18 10:33:55,0.527s,PASSED
"scrollToElement(findTestObject(""OCS-DESKTOP/Product page/Swatch_3.5g""), 1)",Chrome 75.0.3770.90,,2019-06-18 10:33:55,2019-06-18 10:33:55,0.001s,NOT_RUN
"click(findTestObject(""OCS-DESKTOP/Product page/Swatch_1g""), CONTINUE_ON_FAILURE)",Chrome 75.0.3770.90,,2019-06-18 10:33:55,2019-06-18 10:33:55,0.088s,PASSED
delay(2),Chrome 75.0.3770.90,,2019-06-18 10:33:55,2019-06-18 10:33:55,0.000s,NOT_RUN
"click(findTestObject(""OCS-DESKTOP/Theme preview - Hide bar""), OPTIONAL)",Chrome 75.0.3770.90,,2019-06-18 10:33:55,2019-06-18 10:33:55,0.001s,NOT_RUN
"delay(2, OPTIONAL)",Chrome 75.0.3770.90,,2019-06-18 10:33:55,2019-06-18 10:33:57,2.003s,PASSED
"click(findTestObject(""OCS-DESKTOP/Product page/Add to Bag-button""))",Chrome 75.0.3770.90,,2019-06-18 10:33:57,2019-06-18 10:33:57,0.087s,PASSED
delay(1),Chrome 75.0.3770.90,,2019-06-18 10:33:57,2019-06-18 10:33:58,1.003s,PASSED
"click(findTestObject(""OCS-DESKTOP/Cart flyout/Back icon""))",Chrome 75.0.3770.90,,2019-06-18 10:33:58,2019-06-18 10:33:59,0.107s,PASSED
delay(2),Chrome 75.0.3770.90,,2019-06-18 10:33:59,2019-06-18 10:34:01,2.003s,PASSED
"click(findTestObject(""OCS-DESKTOP/Age gate and Mega menu/Header/CANNABIS menu - English""))",Chrome 75.0.3770.90,,2019-06-18 10:34:01,2019-06-18 10:34:01,0.001s,NOT_RUN
delay(2),Chrome 75.0.3770.90,,2019-06-18 10:34:01,2019-06-18 10:34:01,0.001s,NOT_RUN
"click(findTestObject(""OCS-DESKTOP/Age gate and Mega menu/Chevron_Cannabis""))",Chrome 75.0.3770.90,,2019-06-18 10:34:01,2019-06-18 10:34:01,0.000s,NOT_RUN
delay(2),Chrome 75.0.3770.90,,2019-06-18 10:34:01,2019-06-18 10:34:01,0.001s,NOT_RUN
"click(findTestObject(""OCS-DESKTOP/Age gate and Mega menu/Dried Flower_Plus icon""))",Chrome 75.0.3770.90,,2019-06-18 10:34:01,2019-06-18 10:34:01,0.000s,NOT_RUN
delay(2),Chrome 75.0.3770.90,,2019-06-18 10:34:01,2019-06-18 10:34:01,0.001s,NOT_RUN
"click(findTestObject(""OCS-DESKTOP/Age gate and Mega menu/Indica Dominant_Menu item""))",Chrome 75.0.3770.90,,2019-06-18 10:34:01,2019-06-18 10:34:01,0.000s,NOT_RUN
"click(findTestObject(""OCS-DESKTOP/Collection page/Product image - 2nd one""))",Chrome 75.0.3770.90,,2019-06-18 10:34:01,2019-06-18 10:34:01,0.000s,NOT_RUN
delay(2),Chrome 75.0.3770.90,,2019-06-18 10:34:01,2019-06-18 10:34:03,2.002s,PASSED
"navigateToUrl(""https://ocs.ca/products/la-confidential"")",Chrome 75.0.3770.90,,2019-06-18 10:34:03,2019-06-18 10:34:03,0.000s,NOT_RUN
delay(2),Chrome 75.0.3770.90,,2019-06-18 10:34:03,2019-06-18 10:34:05,2.005s,PASSED
takeScreenshot(),Chrome 75.0.3770.90,,2019-06-18 10:34:05,2019-06-18 10:34:05,0.449s,PASSED
delay(2),Chrome 75.0.3770.90,,2019-06-18 10:34:05,2019-06-18 10:34:07,2.005s,PASSED
"click(findTestObject(""OCS-DESKTOP/Product page/Swatch_3.5g""))",Chrome 75.0.3770.90,,2019-06-18 10:34:07,2019-06-18 10:34:07,0.076s,PASSED
delay(2),Chrome 75.0.3770.90,,2019-06-18 10:34:07,2019-06-18 10:34:09,2.001s,PASSED
"click(findTestObject(""OCS-DESKTOP/Product page/Add to Bag-button""))",Chrome 75.0.3770.90,,2019-06-18 10:34:09,2019-06-18 10:34:09,0.055s,PASSED
delay(1),Chrome 75.0.3770.90,,2019-06-18 10:34:09,2019-06-18 10:34:10,1.005s,PASSED
delay(2),Chrome 75.0.3770.90,,2019-06-18 10:34:10,2019-06-18 10:34:10,0.001s,NOT_RUN
"click(findTestObject(""OCS-DESKTOP/Theme preview - Hide bar""))",Chrome 75.0.3770.90,,2019-06-18 10:34:10,2019-06-18 10:34:10,0.000s,NOT_RUN
"a = getText(findTestObject(""OCS-DESKTOP/Cart flyout/Unit price - 1st Product""))",Chrome 75.0.3770.90,,2019-06-18 10:34:10,2019-06-18 10:34:10,0.035s,PASSED
delay(2),Chrome 75.0.3770.90,,2019-06-18 10:34:10,2019-06-18 10:34:12,2.006s,PASSED
"comment(""a="" + a)",Chrome 75.0.3770.90,,2019-06-18 10:34:12,2019-06-18 10:34:12,0.001s,PASSED
without = a.substring(1),Chrome 75.0.3770.90,,2019-06-18 10:34:12,2019-06-18 10:34:12,0.000s,PASSED
"comment(""without = "" + without)",Chrome 75.0.3770.90,,2019-06-18 10:34:12,2019-06-18 10:34:12,0.001s,PASSED
"last = without.substring(0, without.length() - 1)",Chrome 75.0.3770.90,,2019-06-18 10:34:12,2019-06-18 10:34:12,0.000s,PASSED
"comment(""last="" + last)",Chrome 75.0.3770.90,,2019-06-18 10:34:12,2019-06-18 10:34:12,0.001s,PASSED
delay(2),Chrome 75.0.3770.90,,2019-06-18 10:34:12,2019-06-18 10:34:14,2.002s,PASSED
"k = getText(findTestObject(""OCS-DESKTOP/Cart flyout/Unit price - 2nd Product""))",Chrome 75.0.3770.90,,2019-06-18 10:34:14,2019-06-18 10:34:14,0.032s,PASSED
delay(2),Chrome 75.0.3770.90,,2019-06-18 10:34:14,2019-06-18 10:34:16,2.005s,PASSED
"comment(""k="" + k)",Chrome 75.0.3770.90,,2019-06-18 10:34:16,2019-06-18 10:34:16,0.001s,PASSED
without1 = k.substring(1),Chrome 75.0.3770.90,,2019-06-18 10:34:16,2019-06-18 10:34:16,0.000s,PASSED
"comment(""without1 = "" + without1)",Chrome 75.0.3770.90,,2019-06-18 10:34:16,2019-06-18 10:34:16,0.001s,PASSED
p1 = <not implemented yet for class: org.codehaus.groovy.ast.expr.EmptyExpression>,Chrome 75.0.3770.90,,2019-06-18 10:34:16,2019-06-18 10:34:16,0.001s,PASSED
p2 = <not implemented yet for class: org.codehaus.groovy.ast.expr.EmptyExpression>,Chrome 75.0.3770.90,,2019-06-18 10:34:16,2019-06-18 10:34:16,0.000s,PASSED
try,Chrome 75.0.3770.90,,2019-06-18 10:34:16,2019-06-18 10:34:16,0.008s,PASSED
try,Chrome 75.0.3770.90,,2019-06-18 10:34:16,2019-06-18 10:34:16,0.001s,PASSED
total = p1 + p2,Chrome 75.0.3770.90,,2019-06-18 10:34:16,2019-06-18 10:34:16,0.001s,PASSED
"comment(""total ="" + total)",Chrome 75.0.3770.90,,2019-06-18 10:34:16,2019-06-18 10:34:16,0.000s,PASSED
"amount = getText(findTestObject(""OCS-DESKTOP/Cart flyout/Sub-total Price""))",Chrome 75.0.3770.90,,2019-06-18 10:34:16,2019-06-18 10:34:16,0.031s,PASSED
delay(2),Chrome 75.0.3770.90,,2019-06-18 10:34:16,2019-06-18 10:34:18,2.003s,PASSED
"comment(""amount ="" + amount)",Chrome 75.0.3770.90,,2019-06-18 10:34:18,2019-06-18 10:34:18,0.001s,PASSED
soustotal = amount.substring(1),Chrome 75.0.3770.90,,2019-06-18 10:34:18,2019-06-18 10:34:18,0.000s,PASSED
"comment(""soustotal= "" + soustotal)",Chrome 75.0.3770.90,,2019-06-18 10:34:18,2019-06-18 10:34:18,0.001s,PASSED
p = <not implemented yet for class: org.codehaus.groovy.ast.expr.EmptyExpression>,Chrome 75.0.3770.90,,2019-06-18 10:34:18,2019-06-18 10:34:18,0.000s,PASSED
try,Chrome 75.0.3770.90,,2019-06-18 10:34:18,2019-06-18 10:34:18,0.002s,PASSED
finalprice = soustotal,Chrome 75.0.3770.90,,2019-06-18 10:34:18,2019-06-18 10:34:18,0.000s,PASSED
"comment(""finalprice="" + finalprice)",Chrome 75.0.3770.90,,2019-06-18 10:34:18,2019-06-18 10:34:18,0.001s,PASSED
p = Double.valueOf(finalprice),Chrome 75.0.3770.90,,2019-06-18 10:34:18,2019-06-18 10:34:18,0.000s,PASSED
"comment(""p="" + p)",Chrome 75.0.3770.90,,2019-06-18 10:34:18,2019-06-18 10:34:18,0.001s,PASSED
"verifyEqual(total, p)",Chrome 75.0.3770.90,,2019-06-18 10:34:18,2019-06-18 10:34:18,0.005s,PASSED
"comment(""cart items price equal"")",Chrome 75.0.3770.90,,2019-06-18 10:34:18,2019-06-18 10:34:18,0.000s,PASSED
"click(findTestObject(""OCS-DESKTOP/Cart flyout/Checkbox_I confirm that""))",Chrome 75.0.3770.90,,2019-06-18 10:34:18,2019-06-18 10:34:18,0.060s,PASSED
"click(findTestObject(""OCS-DESKTOP/Cart flyout/Checkbox_Accept the Terms Condition""))",Chrome 75.0.3770.90,,2019-06-18 10:34:18,2019-06-18 10:34:18,0.061s,PASSED
delay(2),Chrome 75.0.3770.90,,2019-06-18 10:34:18,2019-06-18 10:34:20,2.006s,PASSED
"click(findTestObject(""OCS-DESKTOP/Cart flyout/Checkout - Button""))",Chrome 75.0.3770.90,,2019-06-18 10:34:20,2019-06-18 10:34:22,1.945s,PASSED
"scrollToElement(findTestObject(""OCS-DESKTOP/Customer info page/input_Email""), 0)",Chrome 75.0.3770.90,,2019-06-18 10:34:22,2019-06-18 10:34:22,0.026s,PASSED
"setText(findTestObject(""OCS-DESKTOP/Customer info page/input_Email""), ""suman.kompelly@diffagency.com"")",Chrome 75.0.3770.90,,2019-06-18 10:34:22,2019-06-18 10:34:23,0.330s,PASSED
"setText(findTestObject(""OCS-DESKTOP/Customer info page/input_First name""), ""suman"")",Chrome 75.0.3770.90,,2019-06-18 10:34:23,2019-06-18 10:34:23,0.118s,PASSED
"setText(findTestObject(""OCS-DESKTOP/Customer info page/input_Last name""), ""kompelly"")",Chrome 75.0.3770.90,,2019-06-18 10:34:23,2019-06-18 10:34:23,0.184s,PASSED
"setText(findTestObject(""OCS-DESKTOP/Customer info page/input_Address""), ""300 saint alxendre"")",Chrome 75.0.3770.90,,2019-06-18 10:34:23,2019-06-18 10:34:23,0.214s,PASSED
"setText(findTestObject(""OCS-DESKTOP/Customer info page/input_Apartment suite etc. (op""), ""199"")",Chrome 75.0.3770.90,,2019-06-18 10:34:23,2019-06-18 10:34:23,0.153s,PASSED
"setText(findTestObject(""OCS-DESKTOP/Customer info page/input_City""), ""montreal"")",Chrome 75.0.3770.90,,2019-06-18 10:34:23,2019-06-18 10:34:24,0.175s,PASSED
"setText(findTestObject(""OCS-DESKTOP/Customer info page/input_Postal code""), ""n0R1K0"")",Chrome 75.0.3770.90,,2019-06-18 10:34:24,2019-06-18 10:34:24,0.170s,PASSED
"setText(findTestObject(""OCS-DESKTOP/Customer info page/input_Phone""), ""(514) 449-3882"")",Chrome 75.0.3770.90,,2019-06-18 10:34:24,2019-06-18 10:34:24,0.231s,PASSED
"executeJavaScript(""var previewBar = document.getElementById(""preview-bar-iframe""); previewBar.style.display = ""none"";"", [])",Chrome 75.0.3770.90,,2019-06-18 10:34:24,2019-06-18 10:34:24,0.006s,PASSED
delay(1),Chrome 75.0.3770.90,,2019-06-18 10:34:24,2019-06-18 10:34:25,1.005s,PASSED
"click(findTestObject(""OCS-DESKTOP/Customer info page/Continue to shipping method - Button""))",Chrome 75.0.3770.90,,2019-06-18 10:34:25,2019-06-18 10:34:27,1.654s,PASSED
delay(2),Chrome 75.0.3770.90,,2019-06-18 10:34:27,2019-06-18 10:34:29,2.002s,PASSED
refresh(),Chrome 75.0.3770.90,,2019-06-18 10:34:29,2019-06-18 10:34:29,0.009s,PASSED
delay(2),Chrome 75.0.3770.90,,2019-06-18 10:34:29,2019-06-18 10:34:31,2.006s,PASSED
"click(findTestObject(""OCS-DESKTOP/Shipping page/Continue to payment method - Button""))",Chrome 75.0.3770.90,,2019-06-18 10:34:31,2019-06-18 10:34:33,2.072s,PASSED
"verifyTextPresent(""Payment"", false)",Chrome 75.0.3770.90,,2019-06-18 10:34:33,2019-06-18 10:34:33,0.126s,PASSED
,,,,,,
Test Cases/OCS - DESKTOP/OCS- CRITICAL PATH/Checkout - Shipping,Chrome 75.0.3770.90,,2019-06-18 10:34:33,2019-06-18 10:36:16,1m - 43.541s,PASSED
"callTestCase(findTestCase(""OCS - DESKTOP/CALL- Age gate""), [:], STOP_ON_FAILURE)",Chrome 75.0.3770.90,,2019-06-18 10:34:33,2019-06-18 10:34:47,14.508s,PASSED
delay(2),Chrome 75.0.3770.90,,2019-06-18 10:34:47,2019-06-18 10:34:49,2.002s,PASSED
"click(findTestObject(""OCS-DESKTOP/Age gate and Mega menu/Header/CANNABIS menu - English""))",Chrome 75.0.3770.90,,2019-06-18 10:34:49,2019-06-18 10:34:51,1.320s,PASSED
"executeJavaScript(""var previewBar = document.getElementById(""preview-bar-iframe""); previewBar.style.display = ""none"";"", [])",Chrome 75.0.3770.90,,2019-06-18 10:34:51,2019-06-18 10:34:51,0.010s,PASSED
delay(2),Chrome 75.0.3770.90,,2019-06-18 10:34:51,2019-06-18 10:34:53,2.001s,PASSED
"click(findTestObject(""OCS-DESKTOP/Age gate and Mega menu/Indica Dominant_Menu item""))",Chrome 75.0.3770.90,,2019-06-18 10:34:53,2019-06-18 10:34:55,2.220s,PASSED
"executeJavaScript(""var previewBar = document.getElementById(""preview-bar-iframe""); previewBar.style.display = ""none"";"", [])",Chrome 75.0.3770.90,,2019-06-18 10:34:55,2019-06-18 10:34:55,0.031s,PASSED
delay(2),Chrome 75.0.3770.90,,2019-06-18 10:34:55,2019-06-18 10:34:57,2.004s,PASSED
"click(findTestObject(""OCS-DESKTOP/Collection page/Product image - 1st one""))",Chrome 75.0.3770.90,,2019-06-18 10:34:57,2019-06-18 10:35:01,3.723s,PASSED
"executeJavaScript(""var previewBar = document.getElementById(""preview-bar-iframe""); previewBar.style.display = ""none"";"", [])",Chrome 75.0.3770.90,,2019-06-18 10:35:01,2019-06-18 10:35:01,0.006s,PASSED
delay(1),Chrome 75.0.3770.90,,2019-06-18 10:35:01,2019-06-18 10:35:02,1.007s,PASSED
delay(3),Chrome 75.0.3770.90,,2019-06-18 10:35:02,2019-06-18 10:35:05,3.005s,PASSED
"scrollToElement(findTestObject(""OCS-DESKTOP/Product page/Product image""), 1)",Chrome 75.0.3770.90,,2019-06-18 10:35:05,2019-06-18 10:35:05,0.001s,NOT_RUN
"click(findTestObject(""OCS-DESKTOP/Product page/Swatch_1g""))",Chrome 75.0.3770.90,,2019-06-18 10:35:05,2019-06-18 10:35:05,0.085s,PASSED
delay(2),Chrome 75.0.3770.90,,2019-06-18 10:35:05,2019-06-18 10:35:07,2.005s,PASSED
"click(findTestObject(""OCS-DESKTOP/Product page/Add to Bag-button""))",Chrome 75.0.3770.90,,2019-06-18 10:35:07,2019-06-18 10:35:07,0.073s,PASSED
delay(1),Chrome 75.0.3770.90,,2019-06-18 10:35:07,2019-06-18 10:35:08,1.005s,PASSED
"click(findTestObject(""OCS-DESKTOP/Home - page/Cart icon -bag""))",Chrome 75.0.3770.90,,2019-06-18 10:35:08,2019-06-18 10:35:08,0.000s,NOT_RUN
delay(1),Chrome 75.0.3770.90,,2019-06-18 10:35:08,2019-06-18 10:35:09,1.003s,PASSED
"click(findTestObject(""OCS-DESKTOP/Cart flyout/Checkbox_I confirm that""))",Chrome 75.0.3770.90,,2019-06-18 10:35:09,2019-06-18 10:35:09,0.052s,PASSED
delay(1),Chrome 75.0.3770.90,,2019-06-18 10:35:09,2019-06-18 10:35:10,1.002s,PASSED
"click(findTestObject(""OCS-DESKTOP/Cart flyout/Checkbox_Accept the Terms Condition""))",Chrome 75.0.3770.90,,2019-06-18 10:35:10,2019-06-18 10:35:10,0.070s,PASSED
delay(1),Chrome 75.0.3770.90,,2019-06-18 10:35:10,2019-06-18 10:35:11,1.004s,PASSED
"click(findTestObject(""OCS-DESKTOP/Cart flyout/Checkout - Button""))",Chrome 75.0.3770.90,,2019-06-18 10:35:11,2019-06-18 10:35:13,1.923s,PASSED
"executeJavaScript(""var previewBar = document.getElementById(""preview-bar-iframe""); previewBar.style.display = ""none"";"", [])",Chrome 75.0.3770.90,,2019-06-18 10:35:13,2019-06-18 10:35:13,0.006s,PASSED
delay(1),Chrome 75.0.3770.90,,2019-06-18 10:35:13,2019-06-18 10:35:14,1.006s,PASSED
"scrollToElement(findTestObject(""OCS-DESKTOP/Customer info page/input_Email""), 0)",Chrome 75.0.3770.90,,2019-06-18 10:35:14,2019-06-18 10:35:14,0.023s,PASSED
"setText(findTestObject(""OCS-DESKTOP/Customer info page/input_Email""), ""suman.kompelly@diffagency.com"")",Chrome 75.0.3770.90,,2019-06-18 10:35:14,2019-06-18 10:35:14,0.315s,PASSED
"setText(findTestObject(""OCS-DESKTOP/Customer info page/input_First name""), ""suman"")",Chrome 75.0.3770.90,,2019-06-18 10:35:14,2019-06-18 10:35:15,0.112s,PASSED
"setText(findTestObject(""OCS-DESKTOP/Customer info page/input_Last name""), ""kompelly"")",Chrome 75.0.3770.90,,2019-06-18 10:35:15,2019-06-18 10:35:15,0.189s,PASSED
"setText(findTestObject(""OCS-DESKTOP/Customer info page/input_Address""), ""300 saint alxendre"")",Chrome 75.0.3770.90,,2019-06-18 10:35:15,2019-06-18 10:35:15,0.219s,PASSED
"setText(findTestObject(""OCS-DESKTOP/Customer info page/input_Apartment suite etc. (op""), ""199"")",Chrome 75.0.3770.90,,2019-06-18 10:35:15,2019-06-18 10:35:15,0.120s,PASSED
"setText(findTestObject(""OCS-DESKTOP/Customer info page/input_City""), ""montreal"")",Chrome 75.0.3770.90,,2019-06-18 10:35:15,2019-06-18 10:35:15,0.193s,PASSED
"setText(findTestObject(""OCS-DESKTOP/Customer info page/input_Postal code""), ""n0R1K0"")",Chrome 75.0.3770.90,,2019-06-18 10:35:15,2019-06-18 10:35:15,0.130s,PASSED
"setText(findTestObject(""OCS-DESKTOP/Customer info page/input_Phone""), ""(514) 449-3882"")",Chrome 75.0.3770.90,,2019-06-18 10:35:15,2019-06-18 10:35:16,0.189s,PASSED
delay(1),Chrome 75.0.3770.90,,2019-06-18 10:35:16,2019-06-18 10:35:17,1.003s,PASSED
"click(findTestObject(""OCS-DESKTOP/Customer info page/Continue to shipping method - Button""))",Chrome 75.0.3770.90,,2019-06-18 10:35:17,2019-06-18 10:35:18,1.491s,PASSED
"executeJavaScript(""var previewBar = document.getElementById(""preview-bar-iframe""); previewBar.style.display = ""none"";"", [])",Chrome 75.0.3770.90,,2019-06-18 10:35:18,2019-06-18 10:35:18,0.006s,PASSED
delay(1),Chrome 75.0.3770.90,,2019-06-18 10:35:18,2019-06-18 10:35:19,1.003s,PASSED
"click(findTestObject(""OCS-DESKTOP/Shipping page/Change link""))",Chrome 75.0.3770.90,,2019-06-18 10:35:19,2019-06-18 10:35:20,1.172s,PASSED
"executeJavaScript(""var previewBar = document.getElementById(""preview-bar-iframe""); previewBar.style.display = ""none"";"", [])",Chrome 75.0.3770.90,,2019-06-18 10:35:20,2019-06-18 10:35:20,0.005s,PASSED
delay(1),Chrome 75.0.3770.90,,2019-06-18 10:35:20,2019-06-18 10:35:21,1.005s,PASSED
"click(findTestObject(""OCS-DESKTOP/Customer info page/Continue to shipping method - Button""))",Chrome 75.0.3770.90,,2019-06-18 10:35:21,2019-06-18 10:35:23,1.825s,PASSED
"executeJavaScript(""var previewBar = document.getElementById(""preview-bar-iframe""); previewBar.style.display = ""none"";"", [])",Chrome 75.0.3770.90,,2019-06-18 10:35:23,2019-06-18 10:35:23,0.006s,PASSED
delay(1),Chrome 75.0.3770.90,,2019-06-18 10:35:23,2019-06-18 10:35:24,1.005s,PASSED
"click(findTestObject(""OCS-DESKTOP/Shipping page/Change link 2""))",Chrome 75.0.3770.90,,2019-06-18 10:35:24,2019-06-18 10:35:26,2.150s,PASSED
"executeJavaScript(""var previewBar = document.getElementById(""preview-bar-iframe""); previewBar.style.display = ""none"";"", [])",Chrome 75.0.3770.90,,2019-06-18 10:35:26,2019-06-18 10:35:26,0.007s,PASSED
delay(1),Chrome 75.0.3770.90,,2019-06-18 10:35:26,2019-06-18 10:35:27,1.002s,PASSED
"click(findTestObject(""OCS-DESKTOP/Customer info page/Continue to shipping method - Button""), CONTINUE_ON_FAILURE)",Chrome 75.0.3770.90,,2019-06-18 10:35:27,2019-06-18 10:35:29,1.579s,PASSED
"executeJavaScript(""var previewBar = document.getElementById(""preview-bar-iframe""); previewBar.style.display = ""none"";"", [])",Chrome 75.0.3770.90,,2019-06-18 10:35:29,2019-06-18 10:35:29,0.006s,PASSED
delay(1),Chrome 75.0.3770.90,,2019-06-18 10:35:29,2019-06-18 10:35:30,1.004s,PASSED
"click(findTestObject(""OCS-DESKTOP/Shipping page/Return to customer info""))",Chrome 75.0.3770.90,,2019-06-18 10:35:30,2019-06-18 10:35:31,1.179s,PASSED
"executeJavaScript(""var previewBar = document.getElementById(""preview-bar-iframe""); previewBar.style.display = ""none"";"", [])",Chrome 75.0.3770.90,,2019-06-18 10:35:31,2019-06-18 10:35:31,0.008s,PASSED
delay(1),Chrome 75.0.3770.90,,2019-06-18 10:35:31,2019-06-18 10:35:32,1.002s,PASSED
"click(findTestObject(""OCS-DESKTOP/Customer info page/Continue to shipping method - Button""))",Chrome 75.0.3770.90,,2019-06-18 10:35:32,2019-06-18 10:35:34,1.776s,PASSED
"executeJavaScript(""var previewBar = document.getElementById(""preview-bar-iframe""); previewBar.style.display = ""none"";"", [])",Chrome 75.0.3770.90,,2019-06-18 10:35:34,2019-06-18 10:35:34,0.005s,PASSED
"click(findTestObject(""OCS-DESKTOP/Customer info page/Cart - Breadcrumb link""))",Chrome 75.0.3770.90,,2019-06-18 10:35:34,2019-06-18 10:35:35,1.161s,PASSED
"executeJavaScript(""var previewBar = document.getElementById(""preview-bar-iframe""); previewBar.style.display = ""none"";"", [])",Chrome 75.0.3770.90,,2019-06-18 10:35:35,2019-06-18 10:35:35,0.005s,PASSED
"click(findTestObject(""OCS-DESKTOP/Cart page/cart page-Checkbox_I confirm that""))",Chrome 75.0.3770.90,,2019-06-18 10:35:35,2019-06-18 10:35:35,0.098s,PASSED
delay(1),Chrome 75.0.3770.90,,2019-06-18 10:35:35,2019-06-18 10:35:36,1.001s,PASSED
"click(findTestObject(""OCS-DESKTOP/Cart page/cart page - Checkbox_Accept the Terms Condition""))",Chrome 75.0.3770.90,,2019-06-18 10:35:36,2019-06-18 10:35:36,0.050s,PASSED
delay(1),Chrome 75.0.3770.90,,2019-06-18 10:35:36,2019-06-18 10:35:37,1.002s,PASSED
"click(findTestObject(""OCS-DESKTOP/Cart page/Cart page -checkout button""))",Chrome 75.0.3770.90,,2019-06-18 10:35:37,2019-06-18 10:36:08,30.494s,PASSED
delay(1),Chrome 75.0.3770.90,,2019-06-18 10:36:08,2019-06-18 10:36:09,1.001s,PASSED
"click(findTestObject(""OCS-DESKTOP/Payment -page/Information - Breadcrumb link""))",Chrome 75.0.3770.90,,2019-06-18 10:36:09,2019-06-18 10:36:11,2.050s,PASSED
delay(1),Chrome 75.0.3770.90,,2019-06-18 10:36:11,2019-06-18 10:36:12,1.005s,PASSED
"executeJavaScript(""var previewBar = document.getElementById(""preview-bar-iframe""); previewBar.style.display = ""none"";"", [])",Chrome 75.0.3770.90,,2019-06-18 10:36:12,2019-06-18 10:36:12,0.008s,PASSED
"click(findTestObject(""OCS-DESKTOP/Customer info page/Continue to shipping method - Button""))",Chrome 75.0.3770.90,,2019-06-18 10:36:12,2019-06-18 10:36:13,1.554s,PASSED
delay(1),Chrome 75.0.3770.90,,2019-06-18 10:36:13,2019-06-18 10:36:14,1.001s,PASSED
"click(findTestObject(""OCS-DESKTOP/Shipping page/Continue to payment method - Button""))",Chrome 75.0.3770.90,,2019-06-18 10:36:14,2019-06-18 10:36:16,2.030s,PASSED
closeBrowser(),Chrome 75.0.3770.90,,2019-06-18 10:36:16,2019-06-18 10:36:16,0.139s,PASSED
,,,,,,
Test Cases/OCS - DESKTOP/OCS- CRITICAL PATH/Cart page- decrease qty,Chrome 75.0.3770.90,,2019-06-18 10:36:16,2019-06-18 10:37:31,1m - 14.896s,PASSED
"callTestCase(findTestCase(""OCS - DESKTOP/CALL- Age gate""), [:], STOP_ON_FAILURE)",Chrome 75.0.3770.90,,2019-06-18 10:36:17,2019-06-18 10:36:30,13.735s,PASSED
delay(2),Chrome 75.0.3770.90,,2019-06-18 10:36:30,2019-06-18 10:36:32,2.005s,PASSED
"click(findTestObject(""OCS-DESKTOP/Age gate and Mega menu/Header/CANNABIS menu - English""))",Chrome 75.0.3770.90,,2019-06-18 10:36:32,2019-06-18 10:36:34,1.825s,PASSED
delay(2),Chrome 75.0.3770.90,,2019-06-18 10:36:34,2019-06-18 10:36:36,2.005s,PASSED
"click(findTestObject(""OCS-DESKTOP/Age gate and Mega menu/Indica Dominant_Menu item""))",Chrome 75.0.3770.90,,2019-06-18 10:36:36,2019-06-18 10:36:39,3.267s,PASSED
"executeJavaScript(""var previewBar = document.getElementById(""preview-bar-iframe""); previewBar.style.display = ""none"";"", [])",Chrome 75.0.3770.90,,2019-06-18 10:36:39,2019-06-18 10:36:39,0.009s,PASSED
delay(2),Chrome 75.0.3770.90,,2019-06-18 10:36:39,2019-06-18 10:36:41,2.000s,PASSED
"click(findTestObject(""OCS-DESKTOP/Age gate and Mega menu/Dried Flower_Plus icon""))",Chrome 75.0.3770.90,,2019-06-18 10:36:41,2019-06-18 10:36:41,0.000s,NOT_RUN
delay(2),Chrome 75.0.3770.90,,2019-06-18 10:36:41,2019-06-18 10:36:43,2.002s,PASSED
"click(findTestObject(""OCS-DESKTOP/Age gate and Mega menu/Indica Dominant_Menu item""))",Chrome 75.0.3770.90,,2019-06-18 10:36:43,2019-06-18 10:36:43,0.001s,NOT_RUN
delay(2),Chrome 75.0.3770.90,,2019-06-18 10:36:43,2019-06-18 10:36:45,2.001s,PASSED
"click(findTestObject(""OCS-DESKTOP/Collection page/Product image - 1st one""))",Chrome 75.0.3770.90,,2019-06-18 10:36:45,2019-06-18 10:36:49,3.522s,PASSED
"executeJavaScript(""var previewBar = document.getElementById(""preview-bar-iframe""); previewBar.style.display = ""none"";"", [])",Chrome 75.0.3770.90,,2019-06-18 10:36:49,2019-06-18 10:36:49,0.007s,PASSED
"scrollToElement(findTestObject(""OCS-DESKTOP/Product page/Product image""), 1)",Chrome 75.0.3770.90,,2019-06-18 10:36:49,2019-06-18 10:36:49,0.001s,NOT_RUN
delay(2),Chrome 75.0.3770.90,,2019-06-18 10:36:49,2019-06-18 10:36:51,2.003s,PASSED
"click(findTestObject(""OCS-DESKTOP/Product page/Swatch_1g""))",Chrome 75.0.3770.90,,2019-06-18 10:36:51,2019-06-18 10:36:51,0.083s,PASSED
"scrollToElement(findTestObject(""OCS-DESKTOP/Product page/Swatch_3.5g""), 1)",Chrome 75.0.3770.90,,2019-06-18 10:36:51,2019-06-18 10:36:51,0.000s,NOT_RUN
delay(2),Chrome 75.0.3770.90,,2019-06-18 10:36:51,2019-06-18 10:36:53,2.003s,PASSED
"click(findTestObject(""OCS-DESKTOP/Product page/Quantity Increase - Button""))",Chrome 75.0.3770.90,,2019-06-18 10:36:53,2019-06-18 10:36:53,0.066s,PASSED
delay(1),Chrome 75.0.3770.90,,2019-06-18 10:36:53,2019-06-18 10:36:54,1.002s,PASSED
"click(findTestObject(""OCS-DESKTOP/Product page/Quantity Increase - Button""))",Chrome 75.0.3770.90,,2019-06-18 10:36:54,2019-06-18 10:36:54,0.042s,PASSED
delay(1),Chrome 75.0.3770.90,,2019-06-18 10:36:54,2019-06-18 10:36:55,1.001s,PASSED
"click(findTestObject(""OCS-DESKTOP/Product page/Quantity Increase - Button""))",Chrome 75.0.3770.90,,2019-06-18 10:36:55,2019-06-18 10:36:55,0.070s,PASSED
delay(1),Chrome 75.0.3770.90,,2019-06-18 10:36:55,2019-06-18 10:36:56,1.003s,PASSED
"click(findTestObject(""OCS-DESKTOP/Product page/Quantity Increase - Button""))",Chrome 75.0.3770.90,,2019-06-18 10:36:56,2019-06-18 10:36:56,0.046s,PASSED
delay(1),Chrome 75.0.3770.90,,2019-06-18 10:36:56,2019-06-18 10:36:57,1.002s,PASSED
"click(findTestObject(""OCS-DESKTOP/Product page/Quantity Increase - Button""))",Chrome 75.0.3770.90,,2019-06-18 10:36:57,2019-06-18 10:36:57,0.039s,PASSED
delay(2),Chrome 75.0.3770.90,,2019-06-18 10:36:57,2019-06-18 10:36:59,2.001s,PASSED
"click(findTestObject(""OCS-DESKTOP/Product page/Add to Bag-button""))",Chrome 75.0.3770.90,,2019-06-18 10:36:59,2019-06-18 10:36:59,0.113s,PASSED
delay(1),Chrome 75.0.3770.90,,2019-06-18 10:36:59,2019-06-18 10:37:00,1.003s,PASSED
"click(findTestObject(""OCS-DESKTOP/Home - page/Cart icon -bag""))",Chrome 75.0.3770.90,,2019-06-18 10:37:00,2019-06-18 10:37:00,0.000s,NOT_RUN
delay(2),Chrome 75.0.3770.90,,2019-06-18 10:37:00,2019-06-18 10:37:02,2.004s,PASSED
"click(findTestObject(""OCS-DESKTOP/Cart flyout/Checkbox_I confirm that""))",Chrome 75.0.3770.90,,2019-06-18 10:37:02,2019-06-18 10:37:02,0.057s,PASSED
delay(2),Chrome 75.0.3770.90,,2019-06-18 10:37:02,2019-06-18 10:37:04,2.002s,PASSED
"click(findTestObject(""OCS-DESKTOP/Cart flyout/Checkbox_Accept the Terms Condition""))",Chrome 75.0.3770.90,,2019-06-18 10:37:04,2019-06-18 10:37:05,0.063s,PASSED
delay(1),Chrome 75.0.3770.90,,2019-06-18 10:37:05,2019-06-18 10:37:06,1.002s,PASSED
"click(findTestObject(""OCS-DESKTOP/Cart flyout/Checkout - Button""))",Chrome 75.0.3770.90,,2019-06-18 10:37:06,2019-06-18 10:37:08,2.386s,PASSED
"executeJavaScript(""var previewBar = document.getElementById(""preview-bar-iframe""); previewBar.style.display = ""none"";"", [])",Chrome 75.0.3770.90,,2019-06-18 10:37:08,2019-06-18 10:37:08,0.012s,PASSED
delay(2),Chrome 75.0.3770.90,,2019-06-18 10:37:08,2019-06-18 10:37:10,2.002s,PASSED
"scrollToElement(findTestObject(""OCS-DESKTOP/Customer info page/Return to Cart - Link""), 1)",Chrome 75.0.3770.90,,2019-06-18 10:37:10,2019-06-18 10:37:10,0.001s,NOT_RUN
delay(1),Chrome 75.0.3770.90,,2019-06-18 10:37:10,2019-06-18 10:37:11,1.005s,PASSED
delay(2),Chrome 75.0.3770.90,,2019-06-18 10:37:11,2019-06-18 10:37:13,2.002s,PASSED
"click(findTestObject(""OCS-DESKTOP/Customer info page/Return to Cart - Link""))",Chrome 75.0.3770.90,,2019-06-18 10:37:13,2019-06-18 10:37:15,1.771s,PASSED
delay(1),Chrome 75.0.3770.90,,2019-06-18 10:37:15,2019-06-18 10:37:16,1.002s,PASSED
delay(1),Chrome 75.0.3770.90,,2019-06-18 10:37:16,2019-06-18 10:37:17,1.002s,PASSED
"a = getText(findTestObject(""OCS-DESKTOP/Cart page/Unit price - product - price in cart page""))",Chrome 75.0.3770.90,,2019-06-18 10:37:17,2019-06-18 10:37:17,0.034s,PASSED
comment(a),Chrome 75.0.3770.90,,2019-06-18 10:37:17,2019-06-18 10:37:17,0.001s,PASSED
"click(findTestObject(""OCS-DESKTOP/Cart page/Quantity Input field""))",Chrome 75.0.3770.90,,2019-06-18 10:37:17,2019-06-18 10:37:17,0.060s,PASSED
"sendKeys(findTestObject(""OCS-DESKTOP/Cart page/Quantity Input field""), Keys.chord(CLEAR))",Chrome 75.0.3770.90,,2019-06-18 10:37:17,2019-06-18 10:37:17,0.049s,PASSED
"setText(findTestObject(""OCS-DESKTOP/Cart page/Quantity Input field""), ""10"")",Chrome 75.0.3770.90,,2019-06-18 10:37:17,2019-06-18 10:37:17,0.094s,PASSED
delay(2),Chrome 75.0.3770.90,,2019-06-18 10:37:17,2019-06-18 10:37:19,2.003s,PASSED
"sendKeys(findTestObject(""OCS-DESKTOP/Cart page/Quantity Input field""), Keys.chord(CLEAR))",Chrome 75.0.3770.90,,2019-06-18 10:37:19,2019-06-18 10:37:19,0.038s,PASSED
"click(findTestObject(""OCS-DESKTOP/Cart page/enter quantity""))",Chrome 75.0.3770.90,,2019-06-18 10:37:19,2019-06-18 10:37:19,0.000s,NOT_RUN
delay(2),Chrome 75.0.3770.90,,2019-06-18 10:37:19,2019-06-18 10:37:21,2.004s,PASSED
"setText(findTestObject(""OCS-DESKTOP/Cart page/Quantity Input field""), ""7"")",Chrome 75.0.3770.90,,2019-06-18 10:37:21,2019-06-18 10:37:21,0.070s,PASSED
delay(2),Chrome 75.0.3770.90,,2019-06-18 10:37:21,2019-06-18 10:37:23,2.001s,PASSED
"click(findTestObject(""OCS-DESKTOP/Cart page/Unit price - product""))",Chrome 75.0.3770.90,,2019-06-18 10:37:23,2019-06-18 10:37:23,0.001s,NOT_RUN
delay(2),Chrome 75.0.3770.90,,2019-06-18 10:37:23,2019-06-18 10:37:25,2.006s,PASSED
"click(findTestObject(""OCS-DESKTOP/Cart page/Qty Decrease icon""))",Chrome 75.0.3770.90,,2019-06-18 10:37:25,2019-06-18 10:37:25,0.061s,PASSED
delay(2),Chrome 75.0.3770.90,,2019-06-18 10:37:25,2019-06-18 10:37:27,2.006s,PASSED
"click(findTestObject(""OCS-DESKTOP/Cart page/Qty Decrease icon""))",Chrome 75.0.3770.90,,2019-06-18 10:37:27,2019-06-18 10:37:27,0.048s,PASSED
delay(2),Chrome 75.0.3770.90,,2019-06-18 10:37:27,2019-06-18 10:37:29,2.002s,PASSED
"click(findTestObject(""OCS-DESKTOP/Cart page/Qty Decrease icon""))",Chrome 75.0.3770.90,,2019-06-18 10:37:29,2019-06-18 10:37:29,0.066s,PASSED
delay(2),Chrome 75.0.3770.90,,2019-06-18 10:37:29,2019-06-18 10:37:31,2.002s,PASSED
"b = getText(findTestObject(""OCS-DESKTOP/Cart page/Unit price - product - price in cart page""))",Chrome 75.0.3770.90,,2019-06-18 10:37:31,2019-06-18 10:37:31,0.025s,PASSED
comment(b),Chrome 75.0.3770.90,,2019-06-18 10:37:31,2019-06-18 10:37:31,0.000s,PASSED
"verifyNotEqual(""a"", ""b"")",Chrome 75.0.3770.90,,2019-06-18 10:37:31,2019-06-18 10:37:31,0.000s,PASSED
"comment("" price changed . Quantity selector is working"")",Chrome 75.0.3770.90,,2019-06-18 10:37:31,2019-06-18 10:37:31,0.001s,PASSED
,,,,,,
Test Cases/OCS - DESKTOP/OCS- CRITICAL PATH/cart page-increase qty,Chrome 75.0.3770.90,,2019-06-18 10:37:31,2019-06-18 10:38:25,53.752s,PASSED
"callTestCase(findTestCase(""OCS - DESKTOP/CALL- Age gate""), [:], STOP_ON_FAILURE)",Chrome 75.0.3770.90,,2019-06-18 10:37:31,2019-06-18 10:37:48,16.313s,PASSED
delay(2),Chrome 75.0.3770.90,,2019-06-18 10:37:48,2019-06-18 10:37:50,2.005s,PASSED
"click(findTestObject(""OCS-DESKTOP/Age gate and Mega menu/Header/CANNABIS menu - English""))",Chrome 75.0.3770.90,,2019-06-18 10:37:50,2019-06-18 10:37:50,0.100s,PASSED
delay(2),Chrome 75.0.3770.90,,2019-06-18 10:37:50,2019-06-18 10:37:52,2.003s,PASSED
"executeJavaScript(""var previewBar = document.getElementById(""preview-bar-iframe""); previewBar.style.display = ""none"";"", [])",Chrome 75.0.3770.90,,2019-06-18 10:37:52,2019-06-18 10:37:52,0.009s,PASSED
"click(findTestObject(""OCS-DESKTOP/Age gate and Mega menu/Indica Dominant_Menu item""))",Chrome 75.0.3770.90,,2019-06-18 10:37:52,2019-06-18 10:37:54,2.097s,PASSED
delay(2),Chrome 75.0.3770.90,,2019-06-18 10:37:54,2019-06-18 10:37:56,2.000s,PASSED
"executeJavaScript(""var previewBar = document.getElementById(""preview-bar-iframe""); previewBar.style.display = ""none"";"", [])",Chrome 75.0.3770.90,,2019-06-18 10:37:56,2019-06-18 10:37:56,0.009s,PASSED
"click(findTestObject(""OCS-DESKTOP/Collection page/Product image - 1st one""))",Chrome 75.0.3770.90,,2019-06-18 10:37:56,2019-06-18 10:38:00,3.965s,PASSED
"executeJavaScript(""var previewBar = document.getElementById(""preview-bar-iframe""); previewBar.style.display = ""none"";"", [])",Chrome 75.0.3770.90,,2019-06-18 10:38:00,2019-06-18 10:38:00,0.009s,PASSED
"scrollToElement(findTestObject(""OCS-DESKTOP/Product page/Product image""), 1)",Chrome 75.0.3770.90,,2019-06-18 10:38:00,2019-06-18 10:38:00,0.001s,NOT_RUN
delay(2),Chrome 75.0.3770.90,,2019-06-18 10:38:00,2019-06-18 10:38:02,2.008s,PASSED
"click(findTestObject(""OCS-DESKTOP/Product page/Swatch_1g""))",Chrome 75.0.3770.90,,2019-06-18 10:38:02,2019-06-18 10:38:02,0.077s,PASSED
delay(2),Chrome 75.0.3770.90,,2019-06-18 10:38:02,2019-06-18 10:38:04,2.002s,PASSED
"click(findTestObject(""OCS-DESKTOP/Product page/Add to Bag-button""))",Chrome 75.0.3770.90,,2019-06-18 10:38:04,2019-06-18 10:38:04,0.090s,PASSED
delay(1),Chrome 75.0.3770.90,,2019-06-18 10:38:04,2019-06-18 10:38:05,1.004s,PASSED
"click(findTestObject(""OCS-DESKTOP/Home - page/Cart icon -bag""))",Chrome 75.0.3770.90,,2019-06-18 10:38:05,2019-06-18 10:38:05,0.000s,NOT_RUN
delay(1),Chrome 75.0.3770.90,,2019-06-18 10:38:05,2019-06-18 10:38:06,1.002s,PASSED
"click(findTestObject(""OCS-DESKTOP/Cart flyout/Checkbox_I confirm that""))",Chrome 75.0.3770.90,,2019-06-18 10:38:06,2019-06-18 10:38:06,0.053s,PASSED
"click(findTestObject(""OCS-DESKTOP/Cart flyout/Checkbox_Accept the Terms Condition""))",Chrome 75.0.3770.90,,2019-06-18 10:38:06,2019-06-18 10:38:06,0.053s,PASSED
delay(1),Chrome 75.0.3770.90,,2019-06-18 10:38:06,2019-06-18 10:38:07,1.001s,PASSED
"click(findTestObject(""OCS-DESKTOP/Cart flyout/Checkout - Button""))",Chrome 75.0.3770.90,,2019-06-18 10:38:07,2019-06-18 10:38:09,2.077s,PASSED
delay(2),Chrome 75.0.3770.90,,2019-06-18 10:38:09,2019-06-18 10:38:11,2.003s,PASSED
"scrollToElement(findTestObject(""OCS-DESKTOP/Customer info page/Return to Cart - Link""), 1)",Chrome 75.0.3770.90,,2019-06-18 10:38:11,2019-06-18 10:38:11,0.021s,PASSED
"executeJavaScript(""var previewBar = document.getElementById(""preview-bar-iframe""); previewBar.style.display = ""none"";"", [])",Chrome 75.0.3770.90,,2019-06-18 10:38:11,2019-06-18 10:38:11,0.006s,PASSED
delay(1),Chrome 75.0.3770.90,,2019-06-18 10:38:11,2019-06-18 10:38:12,1.001s,PASSED
"click(findTestObject(""OCS-DESKTOP/Customer info page/Return to Cart - Link""))",Chrome 75.0.3770.90,,2019-06-18 10:38:12,2019-06-18 10:38:13,1.151s,PASSED
delay(1),Chrome 75.0.3770.90,,2019-06-18 10:38:13,2019-06-18 10:38:14,1.002s,PASSED
"a = getText(findTestObject(""OCS-DESKTOP/Cart page/Unit price - product - price in cart page""))",Chrome 75.0.3770.90,,2019-06-18 10:38:14,2019-06-18 10:38:14,0.030s,PASSED
comment(a),Chrome 75.0.3770.90,,2019-06-18 10:38:14,2019-06-18 10:38:14,0.000s,PASSED
"click(findTestObject(""OCS-DESKTOP/Cart page/Quantity Input field""))",Chrome 75.0.3770.90,,2019-06-18 10:38:14,2019-06-18 10:38:15,0.092s,PASSED
"sendKeys(findTestObject(""OCS-DESKTOP/Cart page/Quantity Input field""), Keys.chord(CLEAR))",Chrome 75.0.3770.90,,2019-06-18 10:38:15,2019-06-18 10:38:15,0.031s,PASSED
"setText(findTestObject(""OCS-DESKTOP/Cart page/Quantity Input field""), ""5"")",Chrome 75.0.3770.90,,2019-06-18 10:38:15,2019-06-18 10:38:15,0.087s,PASSED
delay(2),Chrome 75.0.3770.90,,2019-06-18 10:38:15,2019-06-18 10:38:17,2.001s,PASSED
"sendKeys(findTestObject(""OCS-DESKTOP/Cart page/Quantity Input field""), Keys.chord(CLEAR))",Chrome 75.0.3770.90,,2019-06-18 10:38:17,2019-06-18 10:38:17,0.046s,PASSED
"setText(findTestObject(""OCS-DESKTOP/Cart page/Quantity Input field""), ""7"")",Chrome 75.0.3770.90,,2019-06-18 10:38:17,2019-06-18 10:38:17,0.084s,PASSED
delay(2),Chrome 75.0.3770.90,,2019-06-18 10:38:17,2019-06-18 10:38:19,2.002s,PASSED
"click(findTestObject(""OCS-DESKTOP/Cart page/Qty Increase icon""))",Chrome 75.0.3770.90,,2019-06-18 10:38:19,2019-06-18 10:38:19,0.058s,PASSED
delay(2),Chrome 75.0.3770.90,,2019-06-18 10:38:19,2019-06-18 10:38:21,2.003s,PASSED
"click(findTestObject(""OCS-DESKTOP/Cart page/Qty Increase icon""))",Chrome 75.0.3770.90,,2019-06-18 10:38:21,2019-06-18 10:38:21,0.046s,PASSED
delay(2),Chrome 75.0.3770.90,,2019-06-18 10:38:21,2019-06-18 10:38:23,2.005s,PASSED
"click(findTestObject(""OCS-DESKTOP/Cart page/Qty Increase icon""))",Chrome 75.0.3770.90,,2019-06-18 10:38:23,2019-06-18 10:38:23,0.062s,PASSED
delay(2),Chrome 75.0.3770.90,,2019-06-18 10:38:23,2019-06-18 10:38:25,2.005s,PASSED
"b = getText(findTestObject(""OCS-DESKTOP/Cart page/Unit price - product - price in cart page""))",Chrome 75.0.3770.90,,2019-06-18 10:38:25,2019-06-18 10:38:25,0.027s,PASSED
comment(b),Chrome 75.0.3770.90,,2019-06-18 10:38:25,2019-06-18 10:38:25,0.001s,PASSED
"verifyNotEqual(""a"", ""b"")",Chrome 75.0.3770.90,,2019-06-18 10:38:25,2019-06-18 10:38:25,0.000s,PASSED
"comment("" price changed . Quantity selector is working"")",Chrome 75.0.3770.90,,2019-06-18 10:38:25,2019-06-18 10:38:25,0.000s,PASSED
